return,risk,sharpe
0.18764592285243148,0.06438189559115559,2.914575924325676
